{
  "classes": [
    "NOR",
    "RUS",
    "VER"
  ],
  "best_z": 16,
  "with_emb": {
    "nll_ok": 0.7216578722000122,
    "nll_bd": 0.7456284761428833,
    "rel": 3.321602220811285
  },
  "no_emb": {
    "nll_ok": 0.5516395568847656,
    "nll_bd": 0.5516395568847656,
    "rel": 0.0
  }
}